episode,score,score_avg
1,-1405.633274667233,-1405.633274667233
2,-1169.5504510913527,-1287.5918628792929
3,-1138.0374496685272,-1237.7403918090376
4,-1248.3132230616527,-1240.3835996221915
5,-1642.771253240991,-1320.8611303459516
6,-1510.416445904879,-1352.453682939106
7,-1371.4755517100316,-1355.1710927635238
8,-958.6072062599497,-1305.6006069505772
9,-1299.1041263599045,-1304.878775773836
10,-1742.1260652968733,-1348.6035047261398
11,-1600.5990099150597,-1368.1000782509223
12,-1410.3483124329814,-1392.1798643850852
13,-1287.9498364030342,-1407.1711030585357
14,-1325.1887895155003,-1414.8586597039202
15,-1688.5081421122347,-1419.4323485910447
16,-1527.6543285218554,-1421.1561368527423
17,-1721.8668509486472,-1456.195266776604
18,-1714.349956603433,-1531.7695418109522
19,-1819.5484101184015,-1583.8139701868022
20,-1624.7838152004065,-1572.0797451771555
21,-1527.967606402473,-1564.8166048258968
22,-1711.8407685877305,-1594.9658504413717
23,-1764.5888080604113,-1642.6297476071093
24,-1474.7728492283588,-1657.5881535783951
25,-1404.5787658968852,-1629.1952159568602
26,-1258.7046760471749,-1602.3002507093922
27,-1445.417357893901,-1574.6553014039175
28,-1826.746920585514,-1585.8949978021255
29,-1394.4847342131638,-1543.3886302116018
30,-1394.7573403192248,-1520.3859827234837
31,-1314.9359105570275,-1499.0828131389392
32,-1353.9735803671338,-1463.2960943168796
33,-1497.3102059536238,-1436.5682341062006
34,-1521.5653271885035,-1441.2474819022152
35,-1587.182564156804,-1459.507861728207
36,-1353.4821333596212,-1468.9856074594516
37,-1220.0507031031707,-1446.4489419803788
38,-1247.5890631446302,-1388.5331562362903
39,-1661.5824743451706,-1415.242930249491
40,-1582.6358270663377,-1434.0307789242022
41,-1415.15243166431,-1444.0524310349306
42,-1648.8954947272298,-1473.54462247094
43,-1394.248572301933,-1463.2384591057712
44,-1447.0122661614794,-1455.7831530030685
45,-1520.8609070801356,-1449.1509872954016
46,-1471.0685719192043,-1460.90963115136
47,-1426.253631201937,-1481.5299239612366
48,-1386.1538178674384,-1495.3863994335175
49,-1426.1889367491788,-1471.8470456739183
50,-1392.206165640427,-1452.8040795313273
51,-1615.2695748204778,-1472.8157938469442
52,-1389.7389899266166,-1446.900143366883
53,-1388.958872525588,-1446.3711733892483
54,-1345.458615849696,-1436.21580835807
55,-1278.895972125211,-1412.0193148625774
56,-1244.4607789026338,-1389.3585355609205
57,-1525.5577129828682,-1399.2889437390136
58,-1544.7256414078818,-1415.1461260930578
59,-1527.4244064037534,-1425.2696730585153
60,-1473.7707977833454,-1433.426136272807
61,-1427.535887076279,-1414.6527674983874
62,-1257.280154278976,-1401.4068839336235
63,-1143.7668710308435,-1376.887683784149
64,-1342.9910650349625,-1376.6409287026756
65,-1309.5135209229732,-1379.7026835824518
66,-1178.3674405955244,-1373.093349751741
67,-1344.4898194414416,-1354.9865603975982
68,-1418.2111259942196,-1342.335108856232
69,-1529.603955918543,-1342.5530638077107
70,-1577.855134127432,-1352.9614974421197
71,-1391.2087424752908,-1349.3287829820206
72,-1122.606695705482,-1335.8614371246713
73,-977.0191281736544,-1319.1866628389525
74,-827.3351739324379,-1267.6210737287
75,-884.1432124568232,-1225.084042882085
76,-1222.7500165836877,-1229.5223004809013
77,-1299.0769225849438,-1224.9810107952514
78,-1025.270659561974,-1185.6869641520268
79,-1235.929160024099,-1156.3194845625826
80,-1221.2814260430682,-1120.662113754146
81,-1369.3962520566236,-1118.4808647122795
82,-1292.3217455090335,-1135.4523696926346
83,-1414.2627624655825,-1179.1767331218275
84,-1480.959596040569,-1244.5391753326405
85,-1435.3480619785284,-1299.6596602848108
86,-1404.5147875060004,-1317.8361373770424
87,-1288.9895917945134,-1316.8274042979995
88,-1389.72478046616,-1353.2728163884178
89,-1452.650733684318,-1374.9449737544396
90,-1229.822730407497,-1375.7991041908829
91,-886.4213567309386,-1327.501614658314
92,-1108.1809281239343,-1309.087532919804
93,-764.7589737606901,-1244.137154049315
94,-1019.6594695952235,-1198.0071414047804
95,-1032.9020170536803,-1157.7625369122957
96,-899.775073587439,-1107.2885655204395
97,-1031.3257431522675,-1081.522180656215
98,-1359.9545394023705,-1078.5451565498356
99,-1384.22376953452,-1071.702460134856
100,-1450.7585446594792,-1093.7960415600542
101,-1239.6519855634965,-1129.1191044433099
102,-933.413036754813,-1111.642315306398
103,-796.5995722147609,-1114.826375151805
104,-648.7431251688888,-1077.7347407091715
105,-928.9348820123597,-1067.3380272050395
106,-751.6281730019002,-1052.5233371464856
107,-779.7688348421569,-1027.3676463154743
108,-543.6282881227505,-945.7350211875125
109,-1206.3832213142134,-927.950966365482
110,-1389.7887890371787,-921.8539908032519
111,-1348.4215754056193,-932.7309497874642
112,-1169.714663376699,-956.3611124496526
113,-801.8446686601759,-956.8856220941943
114,-995.6751424531593,-991.5788238226212
115,-1058.5589185818226,-1004.5412274795675
116,-954.7643901928393,-1024.8548491986614
117,-1124.9410152264752,-1059.3720672370932
118,-827.8490305997104,-1087.7941414847894
119,-875.9989980761469,-1054.7557191609826
120,-646.4994105198768,-980.4267813092525
121,-790.4755203526631,-924.6321758039569
122,-1053.5892147249294,-913.0196309387799
123,-766.7552438853988,-909.510688461302
124,-785.7265315121672,-888.515827367203
125,-482.59947444939894,-830.9198829539606
126,-1237.8829440596344,-859.23173834064
127,-930.1537014720652,-839.7530069651991
128,-1114.3830484458426,-868.4064087498124
129,-1379.053288493222,-918.7118377915198
130,-1423.0694466437528,-996.3688414039074
131,-1343.3704598575216,-1051.6583353543933
132,-1395.7499930245763,-1085.874413184358
133,-1372.5260092078277,-1146.451489716601
134,-669.3363865185606,-1134.8124752172403
135,-815.1427456239323,-1168.0668023346936
136,-660.1689527428292,-1110.2954032030132
137,-792.2085531237772,-1096.5008883681844
138,-787.2954668921855,-1063.7921302128184
139,-662.5403826317446,-992.1408396266709
140,-529.1656019229764,-902.7504551545932
141,-954.0478863403021,-863.8181978028712
142,-530.0304904424427,-777.2462475446579
143,-725.3341776434767,-712.5270643882227
144,-1037.6191629209309,-749.3553420284597
145,-830.8503537265987,-750.9261028387264
146,-911.6740346483839,-776.0766110292818
147,-915.518752112389,-788.4076309281429
148,-1031.8488357796796,-812.8629678168925
149,-885.2921923815562,-835.1381487918736
150,-1177.1827951039238,-899.9398681099683
151,-757.5644212289083,-880.291521598829
152,-1518.9768134993344,-979.1861539045182
153,-673.3069129005856,-973.983427430229
154,-655.2423604469777,-935.7457471828336
155,-801.9692697889324,-932.8576387890673
156,-525.8064966493716,-894.2708849891658
157,-888.5978529081347,-891.5787950687403
158,-693.3349945098144,-857.727410941754
159,-1210.0862298332038,-890.2068146869185
160,-403.770144022732,-812.8655495787996
161,-539.8700063332116,-791.0961080892298
162,-667.9697986252597,-705.9954066018224
163,-603.8106294246478,-699.0457782542286
164,-660.5020921888434,-699.5717514284152
165,-414.9500756714114,-660.869832016663
166,-944.3732113087809,-702.7265034826039
167,-1074.981040463217,-721.3648222381122
168,-678.7783135972479,-719.9091541468555
169,-547.5753766803944,-653.6580688315746
170,-1118.5553488958874,-725.1365893188902
171,-1055.3468714014355,-776.6842758257126
172,-270.49702003483213,-736.9369979666698
173,-400.43461518477096,-716.5993965426821
174,-1004.5765320667322,-751.006840530471
175,-1220.6594512483844,-831.5777780881683
176,-965.684805833152,-833.7089375406055
177,-1258.3915509899387,-852.0499885932775
178,-519.5925857915477,-836.1314158127076
179,-810.4511599762304,-862.418994142291
180,-515.235056151512,-802.0869648678536
181,-1356.2802855649068,-832.1803062842007
182,-964.6777833540588,-901.5983826161234
183,-1217.1403279581834,-983.2689538934644
184,-1421.2314307602678,-1024.9344437628183
185,-1099.7019696117818,-1012.838695599158
186,-1565.0363043779084,-1072.7738454536336
187,-1419.8184567020987,-1088.9165360248494
188,-1583.7405408935683,-1195.3313315350517
189,-1582.8801442139547,-1272.5742299588242
190,-1433.0685810171246,-1364.3575824453853
191,-1314.1630485267624,-1360.145858741571
192,-1175.749449883046,-1381.2530253944697
193,-1450.9406365662082,-1404.633056255272
194,-1586.813750655994,-1421.1912882448448
195,-1288.7493021655098,-1440.0960215002174
196,-1310.0921998063775,-1414.6016110430644
197,-1489.314661776795,-1421.551231550534
198,-416.26813934509096,-1304.8039913956864
199,-1211.917663859491,-1267.70774336024
200,-1171.7270963605356,-1241.5735948945808
201,-408.64312367675353,-1151.0216024095803
202,-1154.2225918148604,-1148.8689166027616
203,-1152.9242325446166,-1119.0672762006022
204,-1135.5671043658876,-1073.942611571592
205,-1168.9580331966622,-1061.9634846747072
206,-1157.9918943066225,-1046.7534541247317
207,-1180.1946196640527,-1015.8414499134575
208,-335.82745528665066,-1007.7973815076135
209,-1130.6362320823437,-999.6692383298989
210,-948.0434993723333,-977.3008786310784
211,-534.7722163121406,-989.913787894617
212,-789.0619288130899,-953.3977215944399
213,-813.6923266671853,-919.4745310066968
214,-892.2194466317828,-895.1397652332864
215,-270.9147954226304,-805.3354414558831
216,-503.8463718821786,-739.9208892134387
217,-1274.7061139811146,-749.3720386451449
218,-261.94032448167695,-741.9833255646477
219,-419.79611788884,-670.8993141452972
220,-552.1641625798756,-631.3113804660514
221,-1094.680308376859,-687.3021896725234
222,-431.7598449303513,-651.5719812842495
223,-1138.234679583186,-684.0262165758496
224,-541.6801725396739,-648.9722891666386
225,-906.5141486367673,-712.5322244880523
226,-588.0826795738471,-720.9558552572192
227,-447.2961896036951,-638.2148628194772
228,-974.973002843,-709.5181306556095
229,-941.6161845209851,-761.7001373188242
230,-1065.5088915368162,-813.0346102145181
231,-628.9675138322181,-766.4633307600541
232,-602.3980080318023,-783.5271470701992
233,-491.5099662399831,-718.8546757358788
234,-429.5343612928081,-707.6400946111924
235,-807.2093415439847,-697.709613901914
236,-699.926462152573,-708.8939921597865
237,-262.3128430206902,-690.3956575014861
238,-129.43949869946283,-605.8423070871323
239,-470.8740550233524,-558.7680941373691
240,-1.7856140947341341,-452.39576639316084
241,-137.98716069335933,-403.29773107927497
242,-127.84917500539467,-355.8428477766342
243,-135.15279377256348,-320.20713052989225
244,-134.91677375232018,-290.74537177584347
245,-267.15518194568784,-236.7399558160138
246,-282.4258761901554,-194.98989721977205
247,-271.72330923876535,-195.93094384157953
248,-132.08043292029723,-196.19503726366298
249,-128.1650907322074,-161.9241408345485
250,-1.4386912749398453,-161.88944855256906
251,-133.32477376876872,-161.42320986011
252,-132.61808434296137,-161.90010079386667
253,-262.7484640329013,-174.65966781990045
254,-273.3186461262158,-188.49985505729
255,-138.30088916920425,-175.61442577964166
256,-542.0740854711333,-201.57924670773951
257,-3.8519569646662206,-174.79211148032957
258,-1439.050946192392,-305.489162807539
259,-280.32653112272845,-320.7053068465911
260,-434.20659650419344,-363.9820973695165
261,-1082.4729177732243,-458.896911769962
262,-1142.0513284310334,-559.8402361787693
263,-1095.4836519523203,-643.1137549707112
264,-1267.8465759321537,-742.566547951305
265,-1360.8415321374114,-864.8206122481257
266,-1386.17623568112,-949.2308272691243
267,-713.7270009487709,-1020.2183316675348
268,-138.162438910684,-890.1294809393639
269,-258.66339424490377,-887.9631672515814
270,-1232.8998736003377,-967.8324949611961
271,-1207.28349331523,-980.3135525153964
272,-976.6449051876741,-963.7729101910605
273,-1135.7111042160652,-967.7956554174349
274,-951.1478938726676,-936.1257872114863
275,-951.7328313500451,-895.2149171327497
276,-961.6762950038691,-852.7649230650247
277,-1095.719413500586,-890.9641643202061
278,-1245.766233975292,-1001.7245438266671
279,-1106.4151716633314,-1086.4997215685098
280,-836.1201006665647,-1046.8217442751325
281,-565.1376272020749,-982.6071576638169
282,-1065.2290051854143,-991.465567663591
283,-134.86296797564472,-891.380754039549
284,-272.1108913887789,-823.4770537911602
285,-1342.1764733895652,-862.5214179951121
286,-411.53678675002726,-807.507467169728
287,-2.8269098582124967,-698.2182168054906
288,-133.79815757510232,-587.0214091654716
289,-265.2265141602009,-502.90254341515856
290,-272.0607252548002,-446.4966058739821
291,-957.3081258351398,-485.71365573728855
292,-1101.7343686775303,-489.3641920865002
293,-347.9769876372172,-510.67559405265746
294,-1409.6984447580458,-624.4343493895842
295,-404.95456006360905,-530.7121580569885
296,-135.62247924846258,-503.1207273068321
297,-266.9151747201023,-529.529553793021
298,-126.7678822615654,-528.8265262616674
299,-295.71257116753077,-531.8751319624004
300,-134.7796873373276,-518.1470281706531
301,-1274.9410617956285,-549.9103217667018
302,-271.60002902056016,-466.89688780100494
303,-257.26443868661306,-457.82563290594453
304,-276.3867710600809,-344.494465536148
305,-267.3783982021192,-330.73684934999903
306,-127.6991771784205,-329.9445191429948
307,-1223.7529772298346,-425.62829939396806
308,-832.3003979527069,-496.1815509630822
309,-361.2480050559631,-502.73509435192545
310,-587.6860922997099,-548.0257348481637
311,-1208.8233368057363,-541.4139623491744
312,-257.711412831045,-540.0251007302229
313,-1049.796122267433,-619.2782690883049
314,-321.148396702454,-623.7544316525422
315,-1226.7989300269246,-719.6964848350228
316,-409.6816307999084,-747.8947301971716
317,-137.1215514310656,-639.2315876172947
318,-383.5450272455185,-594.3560505465757
319,-453.81512238577875,-603.6127622795573
320,-269.46440487372695,-571.7905935369591
321,-139.8011764268444,-464.88837749907
322,-318.3540024183491,-470.9526364578002
323,-5.101719302033187,-366.4831961612603
324,-130.2808356108487,-347.39644005209976
325,-5.2181458323035095,-225.2383616326377
326,-1208.5758196706122,-305.1277805197081
327,-141.49812843092602,-305.5654382196941
328,-131.0245258490273,-280.313388080045
329,-396.0814973584731,-274.5400255773144
330,-1089.6362650310311,-356.5572115930448
331,-400.22819925390417,-382.5999138757509
332,-130.09351085161208,-363.7738647190771
333,-131.95746407898045,-376.4594391967719
334,-126.17917890627999,-376.049273526315
335,-1097.5901315250576,-485.2864720955904
336,-1.8217742097537735,-364.6110675495046
337,-137.43866321722444,-364.2051210281344
338,-1093.9468834905852,-460.49735679229013
339,-1.4346974308868468,-421.0326767995315
340,-397.9852863402218,-351.8675789304506
341,-276.20002936526714,-339.46476194158697
342,-281.28634178956696,-354.5840450353824
343,-1097.0607141879132,-451.0943700462756
344,-1270.075678400427,-565.4840199956905
345,-133.40944974891124,-469.0659518180757
346,-371.3119450353029,-506.0149689006307
347,-1225.1631417335323,-614.7874167522615
348,-1.3885805068646362,-505.5315864538894
349,-1245.8298191251326,-629.971098623314
350,-949.3514097613897,-685.1077109654308
351,-1213.9595614317545,-778.8836641720796
352,-2.0244885288105823,-750.9574788460038
353,-131.00467413794303,-654.3518748410067
354,-314.9590306598046,-558.8402100669447
355,-410.2480807568982,-586.5240731677434
356,-131.916644641197,-562.5845431283327
357,-1226.6596422388395,-562.7341931788635
358,-131.87668956556283,-575.7830040847332
359,-279.214938844529,-479.1215160566729
360,-3.6200516634003583,-384.548380246874
361,-291.1480115798658,-292.2672252616851
362,-2.916141988037889,-292.3563906076078
363,-3.927517589244745,-279.648674952738
364,-131.59440557913888,-261.31221244467145
365,-301.7919325850199,-250.4665976274836
366,-1289.9285025512513,-366.26778341848905
367,-5.77425178119603,-244.17924437272467
368,-424.7595033478378,-273.4675257509522
369,-1087.8692482353663,-354.33295669003587
370,-138.22707589694627,-367.79365911339045
371,-286.8250040016843,-367.3613583555723
372,-4.521534713832897,-367.5218976281518
373,-130.89020793723287,-380.21816666295064
374,-1162.7906574003077,-483.3377918450675
375,-2.2857556996064528,-453.38717415652616
376,-418.66821268275834,-366.26114516967687
377,-350.60532769404426,-400.7442527609617
378,-1097.6422110054239,-468.03252352672035
379,-134.2893922799321,-372.6745379311769
380,-124.66462889426423,-371.31829323090875
381,-132.31644419295668,-355.86743725003595
382,-288.3719424549516,-384.25247802414776
383,-7.450370473077219,-371.9084942777323
384,-411.34646200253934,-296.7640747379554
385,-1197.166950580118,-416.25219422600657
386,-273.54769222113106,-401.7401421798439
387,-1225.5926713767374,-489.2388765481131
388,-138.4962977920309,-393.3242852267739
389,-134.67511592729235,-393.36285759150985
390,-130.32941913480434,-393.9293366155639
391,-413.79184220882945,-422.0768764171512
392,-2.0581166390726007,-393.4454938355633
393,-1.126161662223585,-392.8130729544779
394,-3.829213333264768,-352.06134808755047
395,-2.6450741555416286,-232.6091604450928
396,-1288.6451020110824,-334.11890142408794
397,-1237.33118006385,-335.2927522927992
398,-2.515468013386942,-321.69466931493486
399,-2.0279237724864454,-308.42995009945423
400,-120.8348980694327,-307.48049799291704
401,-1202.487890562496,-386.35010282828375
402,-350.6488502592698,-421.2091761903034
403,-1213.008483836733,-542.3974084077544
404,-1338.2404313262596,-675.8385302070539
405,-125.08255763732528,-688.0822785552323
406,-2.5448617579046164,-559.4722545299144
407,-328.9882831713984,-468.63796484066927
408,-140.51371573687186,-482.4377896130178
409,-125.28842743966635,-494.76383997973574
410,-2.925462221346317,-482.9728963949271
411,-257.4679795827573,-388.4709052969532
412,-5.260763409260713,-353.9320966119523
413,-383.1307432871486,-270.9443225569938
414,-1239.897291852413,-261.1100086096093
415,-1239.0312736153787,-372.50488020741466
416,-258.19619314157745,-398.0700133457819
417,-1222.592269091931,-487.4304119378351
418,-3.8443974110887553,-473.7634801052568
419,-1250.2064158099895,-586.2552789422891
420,-1168.7241181569912,-702.8351445358536
421,-1231.214984514914,-800.2098450290692
422,-1306.392308778636,-930.322999566007
423,-3.0754583265408604,-892.3174710699459
424,-1396.9691935889496,-908.0246612435997
425,-1017.5319278400835,-885.87472666607
426,-291.4115955382802,-889.1962669057406
427,-316.1178473907143,-798.5488247356187
428,-11.910528589514154,-799.3554378534614
429,-5.8510954764036445,-674.9199058201027
430,-1286.8601244327208,-686.7335064476757
431,-1313.7739604947913,-694.9894040456635
432,-6.750657260847689,-565.0252388938846
433,-1229.7354099795093,-687.6912340591814
434,-405.3504531834277,-588.5293600186293
435,-766.0805696446761,-563.3842241990885
436,-384.3447587263365,-572.6775405178942
437,-1346.8949211151983,-675.7552478903425
438,-1309.6097340007382,-805.5251684314651
439,-724.004563993646,-877.340515283189
440,-1045.9475556047587,-853.249258400393
441,-333.2885892556949,-755.2007212764833
442,-1211.6755961186357,-875.693215162262
443,-1095.596872274853,-862.2793613917966
444,-1430.9886345693774,-964.8431795303916
445,-1317.7833989605674,-1020.0134624619807
446,-982.6287805481192,-1079.841864644159
447,-652.5800249924768,-1010.4103750318866
448,-138.08660675977555,-893.2580623077905
449,-367.8631001779083,-857.6439159262167
450,-296.3776750980638,-782.6869278755473
451,-133.13958276520208,-762.6720272264979
452,-4.053221661916648,-641.909789780826
453,-137.88934267358587,-546.1390368206992
454,-5.75627801587984,-403.6158011653495
455,-4.122557813697094,-272.2497170506625
456,-287.17291876304165,-202.70413087215476
457,-1106.3392344337901,-248.0800518162861
458,-279.89742744657,-262.2611338849655
459,-4.132421872402515,-225.88806605441496
460,-4.648791039362759,-196.71517764854485
461,-453.2999418673139,-228.73121355875605
462,-774.8126501409831,-305.80715640666267
463,-11.113938659807205,-293.1296160052848
464,-134.08988832173415,-305.96297703587027
465,-133.26455622167683,-318.8771768766682
466,-264.1583234083574,-316.5757173411998
467,-283.09531411278834,-234.25132530909963
468,-135.4809657034758,-219.8096791347902
469,-134.61513065380572,-232.85795001293053
470,-138.22348905592602,-246.2154198145869
471,-9.546524322392509,-201.8400780600947
472,-131.32571969738444,-137.49138501573483
473,-130.6148509561604,-149.44147624537018
474,-387.2224244315701,-174.75472985635375
475,-272.7556344153341,-188.70383767571948
476,-272.06729586372063,-189.4947349212558
477,-131.55942121426932,-174.3411456314039
478,-132.6318059387512,-174.05622965493143
479,-253.9264643734382,-185.98736302689468
480,-138.99799067275524,-186.06481318857763
481,-129.6178549396656,-198.07194625030496
482,-133.1890600380702,-198.2582802843735
483,-130.54336055984672,-198.2511312447421
484,-128.56094178614842,-172.38498298019994
485,-130.0837728001558,-158.11779681868214
486,-275.7862451434683,-158.4896917466569
487,-129.11434543045826,-158.24518416827578
488,-275.53539826387373,-172.53554340078807
489,-279.5810064971827,-175.1009976131625
490,-812.7758039023969,-242.47877893612667
491,-1116.1539081711655,-341.13238425927665
492,-1202.4579032956499,-448.0592685850346
493,-126.68833525256245,-447.67376605430627
494,-136.0295033179331,-448.42062220748466
495,-7.776559195045552,-436.1899008469736
496,-7.209072765616424,-409.33218360918846
497,-5.49717939697758,-396.97046700584036
498,-4.382392516727204,-369.85516643112567
499,-287.70369725607816,-370.6674355070153
500,-6.663776086034235,-290.056232725379
501,-136.47065256603042,-192.0879071648655
502,-1120.0519679024806,-183.84731362554857
503,-140.1542024223293,-185.19390034252524
504,-391.62836048951783,-210.7537860596837
505,-136.09413639239025,-223.58554377941817
506,-302.3030166919481,-253.09493817205134
507,-136.6589596777493,-266.2111162001285
508,-1069.0339245123428,-372.6762693996901
509,-925.3900836759555,-436.4449080416778
510,-270.8384129160787,-462.86237172468225
511,-355.61614461588863,-484.776920929668
512,-381.4410073593586,-410.9158248753559
513,-1304.4346181548715,-527.34386644861
514,-127.9777960421796,-500.97881000387633
515,-123.62695593085246,-499.73209195772245
516,-338.58503741917826,-503.3602940304455
517,-255.61893278625584,-515.2562913412962
518,-7.503954260406871,-409.10329431610256
519,-298.8807947515974,-346.4523654236668
520,-283.21170117795447,-347.68969424985437
521,-343.5380339773431,-346.48188318599983
522,-1066.364289784804,-414.9742114285444
523,-134.7008556362408,-298.0008351766813
524,-268.62109001860944,-312.0651645743242
525,-129.34914851375413,-312.63738383261443
526,-286.500234020212,-307.42890349271784
527,-668.7737646244676,-348.74438667653897
528,-1320.3099574754608,-480.02498699804437
529,-136.49030671971067,-463.7859381948557
530,-246.2410267471046,-460.0888707517708
531,-279.9709486356367,-453.73216221760015
532,-1484.057987358722,-495.50153197499185
533,-7.455654652540299,-482.77701187662177
534,-1372.7485618565174,-593.1897590604125
535,-275.9247412685708,-607.8473183358943
536,-264.423953082281,-605.6396902421011
537,-1317.1293448977158,-670.475248269426
538,-405.72215375101086,-579.016467896981
539,-1289.8844243993735,-694.3558796649473
540,-529.5173615658757,-722.6835131468245
541,-716.285844160971,-766.3150026993578
542,-646.9711061300006,-682.6063145764856
543,-148.4425878002077,-696.7050078912524
544,-909.6426736065946,-650.3944190662602
545,-272.56771435257275,-650.0587163746603
546,-131.9266488292528,-636.8089859493574
547,-599.8621007425807,-565.0822615338441
548,-125.8191632417276,-537.0919624829157
549,-9.274085963893027,-409.0309286393676
550,-273.1057470161761,-383.3897671843977
551,-131.26206870736388,-324.887389639037
552,-385.8325824066315,-298.7735372667001
553,-141.58400317602286,-298.0876788042816
554,-1231.1835228187222,-330.24176372549437
555,-388.6808231725306,-341.8530746074901
556,-386.6674662069908,-367.3271563452639
557,-398.1936041255045,-347.1603066835563
558,-134.55265363017122,-348.0336557224007
559,-256.7953504896953,-372.7857821749809
560,-298.39245130013603,-375.31445260337694
561,-128.5917973357732,-375.0474254662178
562,-138.85765618693145,-350.34993284424775
563,-3.7254651277877193,-336.56407903942426
564,-130.4218492943095,-226.48791168698304
565,-1309.2467083307404,-318.544500202804
566,-131.5451065224686,-293.0322642343518
567,-1324.506533383899,-385.66355716019126
568,-260.62097414010714,-398.2703892111848
569,-390.0211017237929,-411.59296433459457
570,-134.71049176212753,-395.22476838079376
571,-940.0183574041075,-476.36742438762724
572,-368.93880442128534,-499.3755392110626
573,-4.864512246225166,-499.48944392290633
574,-1366.3745166098888,-623.0847106544642
575,-1379.0082044922378,-630.060860270614
576,-1.2999707602213635,-617.0363466943893
577,-3.705468473179021,-484.95624020331724
578,-1323.789509232652,-591.2730937125718
579,-1321.9245057122166,-684.4634341114142
580,-363.8476697051629,-707.3771519057176
581,-142.0399101873933,-627.5793071840462
582,-1277.5850373542503,-718.4439304773429
583,-1240.640410018238,-842.0215202545442
584,-1304.8201897949123,-835.8660875730463
585,-10.45180241601056,-699.0104473654236
586,-1334.4632184546747,-832.326772134869
587,-1376.9618357840704,-969.6524088659583
588,-325.338845021218,-869.8073424448148
589,-131.41539961447626,-750.7564318350406
590,-1353.1793027594454,-849.6895951404689
591,-953.0607980024483,-930.7916839219745
592,-12.944208310608976,-804.3276010176103
593,-1025.4946452750253,-782.8130245432891
594,-1272.6653668270228,-779.5975422465001
595,-934.7045976974944,-872.0228217746486
596,-789.9497583754752,-817.5714757667286
597,-120.73359726015156,-691.9486519143366
598,-1399.0746145013363,-799.3222288623484
599,-1385.1013299571603,-924.6908218966167
600,-126.08206861590433,-801.9810984822627
601,-274.1625899788772,-734.0912776799056
602,-380.6447736489571,-770.8613342137404
603,-1229.28331209029,-791.240200895267
604,-304.6216189015804,-694.4358261027227
605,-382.1514432623257,-639.1805106592058
606,-131.1790010221272,-573.303434923871
607,-136.97860342658333,-574.9279355405143
608,-132.54744614030773,-448.2752187044113
609,-124.63753504449552,-322.22883921314485
610,-124.91803359837002,-322.11243571139147
611,-131.90971977941106,-307.88714869144485
612,-251.64915467169985,-294.98758679371906
613,-380.64534763490286,-210.12379034818036
614,-2.4263169776970726,-179.90426015579203
615,-1398.345621217647,-281.52367795132415
616,-131.89470480859225,-281.5952483299707
617,-1324.5608318710001,-400.3534711744124
618,-282.2659076178518,-415.32531732216677
619,-135.84581801377172,-416.4461456190943
620,-1223.6678885651386,-526.3211311157713
621,-409.197390981532,-554.0498982359834
622,-136.98217173988354,-542.5831999428017
623,-139.69235255991705,-518.4879004353031
624,-943.6096326444671,-612.6062320019801
625,-1056.8751457789674,-578.4591844581121
626,-1181.6524559201882,-683.4349595692718
627,-410.55338146774585,-592.0342145289462
628,-5.757873824453728,-564.3834111496066
629,-284.1711636951763,-579.215945717747
630,-1165.1704728394304,-573.3662041451761
631,-824.6457480742715,-614.9110398544501
632,-1171.307632510247,-718.3435859314865
633,-128.3772873379534,-717.21207940929
634,-0.7144521896696606,-622.9225613638102
635,-269.58909325850124,-544.1939561117638
636,-1.5760559251556843,-426.18631611226044
637,-138.88010052601024,-399.01898801808693
638,-130.34885806470265,-411.4780864421118
639,-1.3229930873255427,-383.19326938132673
640,-418.5041604287907,-308.5266381402627
641,-246.00728908496777,-250.6627922413324
642,-0.8696905356853888,-133.61899804387625
643,-130.8136516583305,-133.86263447591395
644,-0.6656592293413409,-133.8577551798811
645,-134.17233533827826,-120.31607938785882
646,-251.7992538104919,-145.33839917639244
647,-130.1765943692367,-144.4680485607151
648,-383.6509238504406,-169.79825513928887
649,-284.94324573309,-198.16028040386533
650,-278.91678212893544,-184.20154257387978
651,-250.8098763231652,-184.68180129769954
652,-0.6032637323415101,-184.65515861736512
653,-131.23507056876377,-184.69730050840846
654,-134.88757310694112,-198.11949189616846
655,-140.41805903449526,-198.74406426579014
656,-1074.2379772531349,-280.9879366100545
657,-130.80187036510813,-281.0504642096416
658,-135.95309291044376,-256.2806811156419
659,-270.24112498634736,-254.81046904096766
660,-305.59854391846466,-257.47864521992057
661,-1078.7267354291396,-340.270331130518
662,-0.7060911832784798,-340.2806138756117
663,-266.6165777574288,-353.81876459447824
664,-870.866030213085,-427.4166103050926
665,-1228.5292246647418,-536.2277268681173
666,-1222.6345412961384,-551.0673832724176
667,-1070.4330687937288,-645.0305031152797
668,-1074.3688586690264,-738.8720796911379
669,-2.371202460732442,-712.0850874385764
670,-2.2829249272680743,-681.7535255394567
671,-129.59944912831503,-586.8407969093744
672,-1.1011612501126034,-586.8803039160578
673,-135.783490506732,-573.796995190988
674,-249.92186301879187,-511.7025784715587
675,-664.8483252786957,-455.33448853295414
676,-1050.3450955219773,-438.1055439555381
677,-131.42458346100747,-344.2046954222659
678,-130.7442160595772,-249.84223116132097
679,-2.284467901337173,-249.83355770538145
680,-0.7764268437800107,-249.68290789703263
681,-982.7374583825465,-334.99670882245573
682,-1045.5203291305606,-439.43862561050054
683,-382.99126608765874,-464.15940316859326
684,-379.3871618763155,-477.1059330543456
685,-1026.8117773288898,-513.302278259365
686,-1.1102467976197572,-408.37879338692926
687,-132.94559063424967,-408.5308941042535
688,-129.74863632805415,-408.43133613110115
689,-129.8655258504667,-421.1894419260141
690,-133.92390384331344,-434.5041896259675
691,-0.6998909643672236,-336.30043288414953
692,-1.1791919498480488,-231.8663191660783
693,-120.42012090907825,-205.60920464822024
694,-129.3397356283177,-180.60446202342047
695,-1090.6489899531107,-186.98818328584258
696,-280.5419017221153,-214.93134877829212
697,-1081.0403620837953,-309.7408259232467
698,-122.00285879826578,-308.9662481702678
699,-1101.2909337681515,-406.10878896203633
700,-1215.6760019943201,-514.283998777137
701,-141.40704080140614,-528.3547137608409
702,-270.75647584919983,-555.3124421507761
703,-133.7123661310639,-556.6416666729747
704,-288.93082821043396,-572.6007759311863
705,-141.89232657247786,-477.725109593123
706,-131.24747844275046,-462.7956672651865
707,-1213.955967073518,-476.0872277641587
708,-1.7268840297866277,-464.0596302873108
709,-265.32037134268666,-380.4625740447643
710,-1241.4062352250096,-383.03559736783325
711,-2.1197624692390304,-369.1068695346166
712,-1221.4970961911179,-464.18093156880843
713,-387.5309047294887,-489.56278542865084
714,-1054.9429112594717,-566.1639937335547
715,-1063.2190658739642,-658.2966676637031
716,-130.67002858021132,-658.2389226774493
717,-2.329939322711769,-537.0763199023688
718,-132.47691467706989,-550.151322967097
719,-135.09941983660028,-537.1292278164884
720,-128.55185727587198,-425.84379002157465
721,-284.7910748450004,-454.1109212591508
722,-262.7697368006365,-358.2381853201026
723,-124.60455444088325,-331.9455502912421
724,-123.28112029712673,-238.77937119500763
725,-270.4061895550111,-159.49808356311232
726,-131.3471513314855,-159.56579583823975
727,-266.2597819634673,-185.9587801023153
728,-377.6275117289793,-210.47383980750624
729,-278.0577260449272,-224.76967042833894
730,-129.077746309924,-224.82225933174414
731,-1107.9454393406027,-307.1376957813044
732,-134.02954170098744,-294.2636762713395
733,-260.7875058474667,-307.8819714119978
734,-243.74452944481308,-319.9283123267664
735,-127.47434255639125,-305.63512762690436
736,-1.624068668646642,-292.6628193606206
737,-124.95566017123758,-278.53240718139756
738,-259.5000270161873,-266.7196587101183
739,-128.29918127983578,-251.74380423360927
740,-131.8794282751844,-252.0239724301353
741,-384.97667502700443,-179.72709599877544
742,-135.19656829380094,-179.8437986580568
743,-1.4787807861877502,-153.91292615192893
744,-261.353831218892,-155.67385632933681
745,-0.55408013404791,-142.98183008710245
746,-130.22917731625807,-155.8423409518636
747,-380.23739531976383,-181.37051446671623
748,-0.8608110164127181,-155.5065928667388
749,-288.5735290983511,-171.53402764859032
750,-245.70094839865615,-182.9161796609375
751,-128.24262450535184,-157.24277460877224
752,-264.26279441625553,-170.1493972210177
753,-120.66598553090101,-182.068117695489
754,-262.3473537097967,-182.1674699445795
755,-126.1497406604054,-194.7270359972152
756,-127.76321217672127,-194.48043948326156
757,-0.6509664729451616,-156.52179659857967
758,-2.0910109593590653,-156.64481659287432
759,-126.80934716430814,-140.46839839947
760,-128.85092326910726,-128.78339588651514
761,-1092.5734675061542,-225.21648018659533
762,-274.7739018350109,-226.26759092847092
763,-131.26023508556437,-227.32701588393724
764,-262.87333699435726,-227.37961421239334
765,-131.2278467156211,-227.88742481791488
766,-420.2801403558315,-257.13911763582587
767,-294.7813706362308,-286.5521580521544
768,-403.89620249795985,-326.7326772060145
769,-122.7118611755554,-326.32292860713926
770,-262.0253427440229,-339.6403705546308
771,-299.51173005286523,-260.33419680930194
772,-130.98269191955234,-245.95507581775604
773,-283.1374235953761,-261.1427946687373
774,-1099.846947920361,-344.84015576133766
775,-125.28072467898778,-344.2454435576743
776,-289.42870033748835,-331.16029955583997
777,-1209.4470599640026,-422.6268684886172
778,-125.48893824261117,-394.7861420630823
779,-124.8499193481763,-394.9999478803444
780,-1262.860605487612,-495.08347415470325
781,-269.85534379550035,-492.11783552896685
782,-269.9670964447985,-506.01627598149145
783,-250.17866648813035,-502.72040027076685
784,-127.38858337085233,-405.47456381581594
785,-371.8590814664763,-430.1323994945648
786,-251.6608374427312,-426.35561320508907
787,-126.19547742964082,-318.0304549516529
788,-129.68891317622558,-318.4504524450144
789,-932.1331729375024,-399.178777803947
790,-1156.2226226229895,-388.51497951748473
791,-271.5337890386433,-388.682824041799
792,-1084.8995329483093,-470.17606769215007
793,-134.96775419568655,-458.6549764629058
794,-129.03209408420156,-458.81932753424064
795,-133.95509613976287,-435.0289290015693
796,-260.34304807220013,-435.89715006451615
797,-1236.5617921277726,-546.9337815343295
798,-1311.7091167583148,-665.1358018925383
799,-0.7637494561563509,-571.9988595444038
800,-2.156718675365066,-456.59226914964137
